"scientific_name","datetime","description","place_guess","latitude","longitude","tag_list","common_name","url","image_url","user_login","id","species_guess","iconic_taxon_name","taxon_id","id_please","num_identification_agreements","num_identification_disagreements","observed_on_string","observed_on","time_observed_at","time_zone","positional_accuracy","private_place_guess","geoprivacy","coordinates_obscured","positioning_method","positioning_device","out_of_range","user_id","created_at","updated_at","quality_grade","license","oauth_application_id","captive_cultivated"
"Caretta caretta","2018-01-26 10:12:39 -0600","","Sinaloa, MX",23.2732904747,-106.4189742722,"","Loggerhead Sea Turtle","https://www.inaturalist.org/observations/9655633","https://static.inaturalist.org/photos/13191219/medium.jpg?1517234522","cotonpinto",9655633,"","Reptilia",39665,"false",0,0,"Fri Jan 26 2018 10:12:39 GMT-0600 (CST)","2018-01-26","2018-01-26 16:12:39 UTC","Central Time (US & Canada)",22,"Calle Boca del Mar, Mazatlán, SIN, MX","","true","","","false",11152,"2018-01-29 14:01:49 UTC","2018-01-29 14:30:49 UTC","needs_id","CC-BY-NC",3,"false"
"Caretta caretta","2007-03-04 11:59:00 -0700","","Quintana Roo, MX",19.6985613224,-87.4721088856,"Mexico 2007, Sea Life","Loggerhead Sea Turtle","https://www.inaturalist.org/observations/9644501","https://static.inaturalist.org/photos/13172183/medium.jpg?1517161773","jay",9644501,"Loggerhead Sea Turtle","Reptilia",39665,"false",2,0,"2007/03/04 11:59 AM MST","2007-03-04","2007-03-04 18:59:00 UTC","Mountain Time (US & Canada)",1970,"Quintana Roo, MX","","true","","","false",4530,"2018-01-28 17:49:59 UTC","2018-01-29 01:16:38 UTC","research","CC-BY-NC",NA,"false"
"Caretta caretta","2015-02-27 09:52:00 -0600","","Espírito Santo, BR",-19.6343522539,-39.9506620157,"","Loggerhead Sea Turtle","https://www.inaturalist.org/observations/9562666","https://static.inaturalist.org/photos/13051199/medium.jpeg?1516636454","lepidochelys",9562666,"Loggerhead Sea Turtle","Reptilia",39665,"false",1,0,"2015/02/27 9:52 AM CST","2015-02-27","2015-02-27 15:52:00 UTC","Central Time (US & Canada)",122,"Regência, Espírito Santo, Brasil","","true","","","false",751531,"2018-01-22 15:57:15 UTC","2018-01-25 04:18:12 UTC","research","CC-BY-NC",NA,"false"
"Caretta caretta","2018-01-15 10:48:15 +0530","","Sri Lanka",6.384627161,80.1108663048,"","Loggerhead Sea Turtle","https://www.inaturalist.org/observations/9535706","https://static.inaturalist.org/photos/13006005/medium.jpeg?1516427701","joelle238",9535706,"Loggerhead Sea Turtle","Reptilia",39665,"false",1,0,"2018-01-15 10:48:15 AM GMT+05:30","2018-01-15","2018-01-15 05:18:15 UTC","Chennai",NA,"AH43, Kosgoda, Sri Lanka","","true","gps","gps","false",745278,"2018-01-20 05:54:51 UTC","2018-01-21 10:35:23 UTC","research","CC-BY-NC",2,"false"
"Caretta caretta","2010-05-18 05:38:00 -0500","","Georgia, US",31.4637023964,-81.2499308715,"","Loggerhead Sea Turtle","https://www.inaturalist.org/observations/9490295","https://static.inaturalist.org/photos/12921053/medium.jpg?1516068885","groverbrown",9490295,"Loggerhead Sea Turtle","Reptilia",39665,"false",2,0,"2010/05/18 5:38 AM CDT","2010-05-18","2010-05-18 10:38:00 UTC","Central Time (US & Canada)",61,"McIntosh County, GA, USA","obscured","true","","","false",385210,"2018-01-16 02:18:28 UTC","2018-01-16 02:41:59 UTC","research","CC-BY-NC",NA,"false"
"Caretta caretta","2018-01-05 11:31:09 +0100","","Italy",45.6971591135,13.494012965,"","Loggerhead Sea Turtle","https://www.inaturalist.org/observations/9430864","https://static.inaturalist.org/photos/12818777/medium.jpeg?1515605363","davide2",9430864,"Tartaruga caretta","Reptilia",39665,"false",2,0,"2018-01-05 11:31:09 AM CET","2018-01-05","2018-01-05 10:31:09 UTC","Paris",NA,"34073 Grado GO, Italia","","true","gps","gps","false",145387,"2018-01-10 17:27:28 UTC","2018-01-14 08:54:02 UTC","research","",2,"false"
"Caretta caretta","1985-12-30 06:06:00 -0700","Recent reports of cold-stunned turtles in Florida twigged a memory of this sighting back in Dec 1985. This little turtle, about the size of the palm of my hand, was floating listlessly on the surface between Mosquito Bank and Molasses Reef.","Florida, US",25.0790509389,-80.2415210705,"","Loggerhead Sea Turtle","https://www.inaturalist.org/observations/9410741","https://static.inaturalist.org/photos/12783566/medium.jpeg?1515416830","mtncatt",9410741,"Loggerhead Sea Turtle","Reptilia",39665,"false",0,0,"1985/12/30 6:06 AM MST","1985-12-30","1985-12-30 13:06:00 UTC","Mountain Time (US & Canada)",488,"Monroe County, FL, USA","","true","","","false",5240,"2018-01-08 13:32:02 UTC","2018-01-08 14:05:16 UTC","needs_id","CC-BY",NA,"false"
"Caretta caretta","2012-08-03 02:00:00 +0200","","",38.3642088425,-28.2361548417,"","Loggerhead Sea Turtle","https://www.inaturalist.org/observations/9402595","https://static.inaturalist.org/photos/12777288/medium.jpeg?1515380336","stanvrem",9402595,"Caretta caretta","Reptilia",39665,"false",0,0,"2012-08-03T00:00:00+00:00","2012-08-03","2012-08-03 00:00:00 UTC","Amsterdam",1000,"Azores, PT","","true","","","false",615980,"2018-01-08 02:58:57 UTC","2018-01-08 16:10:22 UTC","needs_id","CC-BY-NC",NA,"false"
"Caretta caretta","2017-08-20 12:50:00 -0500","","United States",35.3213994892,-75.564821892,"","Loggerhead Sea Turtle","https://www.inaturalist.org/observations/9381817","https://static.inaturalist.org/photos/12743490/medium.jpg?1515248842","airalcorn2",9381817,"Loggerhead Sea Turtle","Reptilia",39665,"false",1,0,"2017/08/20 12:50 PM CDT","2017-08-20","2017-08-20 17:50:00 UTC","Central Time (US & Canada)",NA,"Buxton, NC 27920, USA","","true","","","false",1651,"2018-01-06 14:42:56 UTC","2018-01-13 19:48:56 UTC","research","CC-BY",NA,"false"
"Caretta caretta","2009-09-13 11:03:18 +0300","<a href=""http://en.wikipedia.org/wiki/Caretta_caretta"" rel=""nofollow"">en.wikipedia.org/wiki/Caretta_caretta</a>
They are named for their disproportionately large head. Grows up to 800 lbs (364 kg) and 3.5 feet (1.1 m) long. Nesting on Dalyan beach.","Mugla, TR",36.8752328788,28.6339968337,"Loggerhead, Sea, Turtle, Caretta caretta, Turkey, Dalyan, Türkiye, <U+0422><U+0443><U+0440><U+0446><U+0438><U+044F>, <U+043F><U+0440><U+0438><U+0440><U+043E><U+0434><U+0430>, doga, Caretta caretta (Loggerhead ) turtle","Loggerhead Sea Turtle","https://www.inaturalist.org/observations/9293306","https://static.inaturalist.org/photos/12599169/medium.jpg?1514550561","katya",9293306,"Loggerhead Sea Turtle","Reptilia",39665,"false",1,0,"2009-09-13 11:03:18","2009-09-13","2009-09-13 08:03:18 UTC","Sofia",NA,"Dalyan, Mugla, Turkey","","true","","","false",215001,"2017-12-29 12:29:31 UTC","2017-12-31 21:49:42 UTC","research","CC-BY-SA",NA,"false"
"Caretta caretta","2017-10-05 10:57:00 -0400","2 new hatchlings made it to the Atlantic soon after hurricane Irma, freed 1 from kelp on the beach.","Florida, US",28.0932082454,-80.4036399921,"","Loggerhead Sea Turtle","https://www.inaturalist.org/observations/9277813","https://static.inaturalist.org/photos/12572432/medium.jpg?1514420365","davenpaco",9277813,"","Reptilia",39665,"false",0,0,"Thu Oct 05 2017 10:57:00 GMT-0400 (EDT)","2017-10-05","2017-10-05 14:57:00 UTC","Eastern Time (US & Canada)",0,"451–699 Wavecrest Ave, Indialantic, , US","","true","","","false",740560,"2017-12-28 00:19:22 UTC","2017-12-28 00:33:10 UTC","needs_id","",3,"false"
"Caretta caretta","2017-12-26 09:39:19 -0200","Hatchling. Someone found it washed back up on the beach, and it was unable to swim when she tried to return it to the water. We called TAMAR and they advised us to keep it overnight with a little bit of seawater. We did, and they came to pick it up the following morning. ","Bahia, BR",-12.8032319201,-38.3957518564,"","Loggerhead Sea Turtle","https://www.inaturalist.org/observations/9270691","https://static.inaturalist.org/photos/12560539/medium.jpg?1514346469","deboas",9270691,"Loggerhead Sea Turtle","Reptilia",39665,"false",1,0,"Tue Dec 26 2017 09:39:19 GMT-0300 (GMT-3)","2017-12-26","2017-12-26 11:39:19 UTC","Brasilia",99,"Atlantic Ocean, , BA, BR","","true","","","false",231737,"2017-12-27 03:46:51 UTC","2018-01-13 19:57:41 UTC","research","CC-BY-SA",3,"false"
"Caretta caretta","2017-12-19 12:07:00 -0600","","",27.5568960903,-93.0430852444,"","Loggerhead Sea Turtle","https://www.inaturalist.org/observations/9218570","https://static.inaturalist.org/photos/12471347/medium.jpeg?1513794463","mako252",9218570,"Loggerhead Sea Turtle","Reptilia",39665,"false",1,0,"2017/12/19 12:07 PM CST","2017-12-19","2017-12-19 18:07:00 UTC","Central Time (US & Canada)",15,"","","true","","","false",18812,"2017-12-20 18:28:27 UTC","2018-01-27 21:50:56 UTC","research","CC-BY-NC",NA,"false"
"Caretta caretta","2009-08-03 13:57:00 +1200","","Australia",-27.2139728693,153.5550977958,"","Loggerhead Sea Turtle","https://www.inaturalist.org/observations/9190700","https://static.inaturalist.org/photos/12440198/medium.jpeg?1513587581","dengland81",9190700,"Loggerhead Sea Turtle","Reptilia",39665,"false",3,0,"2009/08/03 1:57 PM +1200","2009-08-03","2009-08-03 01:57:00 UTC","Auckland",200,"Queensland, Australia","","true","","","false",736652,"2017-12-18 09:13:34 UTC","2018-01-11 12:38:34 UTC","research","CC-BY-NC",NA,"false"
"Caretta caretta","2017-12-16 13:06:00 -0500","","Virginia, US",37.2827856777,-76.1446541832,"","Loggerhead Sea Turtle","https://www.inaturalist.org/observations/9178626","https://static.inaturalist.org/photos/12420216/medium.jpg?1513526579","susanelliott",9178626,"Loggerhead Sea Turtle","Mammalia",39665,"false",0,0,"2017/12/16 1:06 PM EST","2017-12-16","2017-12-16 18:06:00 UTC","Eastern Time (US & Canada)",15,"Bay Creek, Cape Charles, VA 23310, USA","","true","","","false",12610,"2017-12-17 16:03:22 UTC","2017-12-17 17:35:04 UTC","needs_id","CC-BY-NC",NA,"false"
"Caretta caretta","2016-07-29 09:14:00 +0100","","Portugal",37.0187851776,-7.4974625771,"","Loggerhead Sea Turtle","https://www.inaturalist.org/observations/9177040","https://static.inaturalist.org/photos/12417501/medium.jpeg?1513497524","sequeirajluis",9177040,"Loggerhead Sea Turtle","Reptilia",39665,"false",1,0,"2016/07/29 9:14 AM WEST","2016-07-29","2016-07-29 08:14:00 UTC","Europe/London",977,"","","true","","","false",395441,"2017-12-17 08:03:14 UTC","2017-12-17 08:46:23 UTC","research","CC-BY-NC",NA,"false"
"Caretta caretta","2017-08-14 10:25:59 -0500","","United States",39.0237041307,-84.5477739763,"","Loggerhead Sea Turtle","https://www.inaturalist.org/observations/9094298","https://static.inaturalist.org/photos/12283765/medium.jpg?1512780822","diddle05",9094298,"","Reptilia",39665,"false",0,0,"Mon Aug 14 2017 10:25:59 GMT-0500 (CDT)","2017-08-14","2017-08-14 15:25:59 UTC","Central Time (US & Canada)",NA,"1 Aquarium Way, Newport, KY, US","","true","","","false",600521,"2017-12-09 00:53:36 UTC","2017-12-09 01:03:16 UTC","casual","",3,"true"
"Caretta caretta","2014-06-11 00:00:00 +0200","https://observation.org/waarneming/view/95191238","Antalya, TR",36.9195862063,30.981845716,"open, class-bulkobservationfile-user_id-73671-filename-observado_tim2-csv-project_id-2017-11-29 12:48:42 -0800.csv","Loggerhead Sea Turtle","https://www.inaturalist.org/observations/8985910","","purperlibel",8985910,"Caretta caretta","Reptilia",39665,"false",0,0,"06/11/2014 00:00","2014-06-11","2014-06-10 22:00:00 UTC","Brussels",NA,"Turkey - Antalya","","true","","","false",73671,"2017-11-29 21:21:18 UTC","2017-11-29 21:21:18 UTC","casual","CC-BY",NA,"false"
"Caretta caretta","2017-11-24 22:29:00 -0500","","United States",26.9645896802,-80.1319062194,"","Loggerhead Sea Turtle","https://www.inaturalist.org/observations/8960880","https://static.inaturalist.org/photos/12079799/medium.jpg?1511839782","stevemerkley",8960880,"Loggerhead Sea Turtle","Reptilia",39665,"false",1,0,"2017/11/24 10:29 PM EST","2017-11-24","2017-11-25 03:29:00 UTC","Eastern Time (US & Canada)",185,"10900 Jack Nicklaus Dr, North Palm Beach, FL 33408, USA","","true","","","false",5150,"2017-11-28 03:30:28 UTC","2017-11-28 03:36:24 UTC","casual","CC-BY",NA,"true"
"Caretta caretta","2017-08-17 15:50:08 -0400","","United States",39.1570335323,-84.5678797136,"","Loggerhead Sea Turtle","https://www.inaturalist.org/observations/8942790","https://static.inaturalist.org/photos/12049170/medium.jpg?1511721572","sarahe140",8942790,"Loggerhead Sea Turtle","Reptilia",39665,"false",1,0,"Thu Aug 17 2017 15:50:08 GMT-0400 (EDT)","2017-08-17","2017-08-17 19:50:08 UTC","Eastern Time (US & Canada)",2000,"W 4th St, Newport, KY, US","","true","","","false",600507,"2017-11-26 18:39:16 UTC","2017-11-26 22:07:29 UTC","casual","",3,"true"
"Caretta caretta","2017-11-24 14:36:24 -0600","","Florida, US",30.3634977068,-86.0984231944,"","Loggerhead Sea Turtle","https://www.inaturalist.org/observations/8921070","","ninjarower",8921070,"Loggerhead Sea Turtle","Reptilia",39665,"false",1,0,"Fri Nov 24 2017 14:36:24 GMT-0600 (CST)","2017-11-24","2017-11-24 20:36:24 UTC","Central Time (US & Canada)",207,"Gulf of Mexico, , , US","","true","","","false",714753,"2017-11-24 20:37:04 UTC","2017-11-26 14:04:54 UTC","casual","",3,"false"
"Caretta caretta","2017-11-18 00:00:00 -0600","","",21.044373506,-86.6341729072,"","Loggerhead Sea Turtle","https://www.inaturalist.org/observations/8904489","https://static.inaturalist.org/photos/11983747/medium.jpeg?1511409573","christian77amador",8904489,"Loggerhead Sea Turtle","Reptilia",39665,"false",1,0,"2017-11-18","2017-11-18","","Central America",122,"Arrecifes profundos de punta Cancún","","true","","","false",87570,"2017-11-23 04:04:11 UTC","2017-12-11 07:30:58 UTC","research","",NA,"false"
"Caretta caretta","2017-11-12 17:07:17 -0600","","Veracruz, MX",19.1395408584,-96.1722689485,"","Loggerhead Sea Turtle","https://www.inaturalist.org/observations/8818030","https://static.inaturalist.org/photos/11844915/medium.jpg?1510766084","adrianh-mtz",8818030,"","Reptilia",39665,"false",0,0,"Sun Nov 12 2017 17:07:17 GMT-0600 (CST)","2017-11-12","2017-11-12 23:07:17 UTC","Central Time (US & Canada)",0,"Ricardo Flores Magón, Veracruz, VER, MX","","true","","","false",162328,"2017-11-15 17:14:39 UTC","2017-11-15 17:16:37 UTC","casual","",3,"true"
"Caretta caretta","2017-11-12 16:27:00 -1000","","Sinaloa, MX",23.3395756107,-106.4049358501,"","Loggerhead Sea Turtle","https://www.inaturalist.org/observations/8788643","https://static.inaturalist.org/photos/11796980/medium.jpg?1510540108","gzc_angelesfelix12",8788643,"Tortuga caguama","Reptilia",39665,"false",0,0,"2017/11/12 4:27 PM HST","2017-11-12","2017-11-13 02:27:00 UTC","Hawaii",61,"Mazatlán, Sin., México","","true","","","false",688803,"2017-11-13 02:29:47 UTC","2017-11-13 02:31:34 UTC","needs_id","CC-BY-NC",NA,"false"
"Caretta caretta","2017-10-29 14:39:25 +0100","","Emilia-Romagna, IT",44.6138075434,12.2603792716,"","Loggerhead Sea Turtle","https://www.inaturalist.org/observations/8614755","https://static.inaturalist.org/photos/11523738/medium.jpeg?1509374281","luigitoschi2",8614755,"Tartaruga caretta","Reptilia",39665,"false",4,0,"2017-10-29 2:39:25 PM CET","2017-10-29","2017-10-29 13:39:25 UTC","Paris",2752,"Via Caduti del Mare, 2, 44022 Porto Garibaldi FE, Italia","","true","gps","gps","false",483133,"2017-10-30 14:37:10 UTC","2018-01-04 11:36:41 UTC","research","",2,"false"
"Caretta caretta","2017-07-05 06:34:31 +0200","Adult female during and after nesting","Peloponnese, Western Greece and the Ionian Islands, GR",37.3367905051,21.6129512902,"","Loggerhead Sea Turtle","https://www.inaturalist.org/observations/8471040","https://static.inaturalist.org/photos/11293875/medium.jpg?1508454702","cheloniax",8471040,"Loggerhead Sea Turtle","Reptilia",39665,"false",2,0,"Wed Jul 05 2017 06:34:31 GMT+0200 (GMT+2)","2017-07-05","2017-07-05 04:34:31 UTC","Africa/Johannesburg",44,"27054 Zacharo, Zacharo, Elis, GR","","true","","","false",676478,"2017-10-19 23:09:25 UTC","2017-10-20 17:28:58 UTC","research","",3,"false"
"Caretta caretta","2017-08-14 11:45:34 +0200","Hatchling on its way to the sea and in the water","Peloponnese, Western Greece and the Ionian Islands, GR",37.2717948652,21.7128760049,"","Loggerhead Sea Turtle","https://www.inaturalist.org/observations/8470993","https://static.inaturalist.org/photos/11293724/medium.jpg?1508454320","cheloniax",8470993,"Tartaruga caretta","Reptilia",39665,"false",1,0,"Mon Aug 14 2017 11:45:34 GMT+0200 (GMT+2)","2017-08-14","2017-08-14 09:45:34 UTC","Africa/Johannesburg",164,"27054 Zacharo, Zacharo, Elis, GR","","true","","","false",676478,"2017-10-19 23:04:48 UTC","2017-10-20 13:22:55 UTC","research","",3,"false"
"Caretta caretta","2017-09-27 00:00:00 -0400","","",28.8591216856,-118.3540582896,"","Loggerhead Sea Turtle","https://www.inaturalist.org/observations/8449427","https://static.inaturalist.org/photos/11259505/medium.jpeg?1508297457","sergiomtz",8449427,"Tortuga caguama","Reptilia",39665,"false",1,0,"2017/09/27 8:41 AM -04","2017-09-27","","La Paz",488,"","","true","","","false",457568,"2017-10-18 03:31:02 UTC","2017-10-18 04:29:24 UTC","research","CC-BY-NC",NA,"false"
"Caretta caretta","2017-10-17 18:24:42 -0400","Sea turtle volunteer nest excavation of a Loggerhead Sea Turtle nest.","North Carolina, US",36.1567916986,-75.6429587284,"","Loggerhead Sea Turtle","https://www.inaturalist.org/observations/8445664","https://static.inaturalist.org/photos/11251937/medium.jpg?1508279259","joshl",8445664,"Loggerhead Sea Turtle","Reptilia",39665,"false",1,0,"Tue Oct 17 2017 18:24:42 GMT-0400 (EDT)","2017-10-17","2017-10-17 22:24:42 UTC","Eastern Time (US & Canada)",30,"138 Wampum Dr, Duck, NC, US","","true","","","false",470229,"2017-10-17 22:26:58 UTC","2017-10-18 00:54:41 UTC","research","",3,"false"
"Caretta caretta","2017-10-14 13:58:44 -0400","","Chatham County, US-GA, US",31.8693017403,-81.1852667817,"","Loggerhead Sea Turtle","https://www.inaturalist.org/observations/8400795","https://static.inaturalist.org/photos/11177292/medium.jpg?1508004220","larissa11",8400795,"","Reptilia",39665,"false",0,0,"Sat Oct 14 2017 13:58:44 GMT-0400 (EDT)","2017-10-14","2017-10-14 17:58:44 UTC","Eastern Time (US & Canada)",NA,"30 Ocean Science Cir, Savannah, GA, US","","true","","","false",670096,"2017-10-14 18:03:24 UTC","2017-10-15 19:22:32 UTC","casual","",3,"true"
"Caretta caretta","2017-10-14 12:54:59 -0400","","Chatham County, US-GA, US",31.8170606289,-81.1105920547,"","Loggerhead Sea Turtle","https://www.inaturalist.org/observations/8399992","https://static.inaturalist.org/photos/11175612/medium.jpeg?1508000308","morgan75",8399992,"Loggerhead Sea Turtle","Reptilia",39665,"false",1,0,"2017-10-14 12:54:59 PM EDT","2017-10-14","2017-10-14 16:54:59 UTC","Eastern Time (US & Canada)",NA,"43 Jameswood Ave, Savannah, GA 31406, USA","","true","gps","gps","false",669979,"2017-10-14 16:58:21 UTC","2017-10-19 14:41:08 UTC","casual","",2,"true"
"Caretta caretta","2006-09-16 18:38:50 -0400","","North Carolina, US",34.7808733808,-77.0732562849,"","Loggerhead Sea Turtle","https://www.inaturalist.org/observations/8389416","https://static.inaturalist.org/photos/11158764/medium.jpg?1507926700","abookb",8389416,"Loggerhead Sea Turtle","Reptilia",39665,"false",1,0,"Sat Sep 16 2006 18:38:50 GMT-0400 (EDT)","2006-09-16","2006-09-16 22:38:50 UTC","Eastern Time (US & Canada)",631,"Atlantic Ocean, White Oak, NC, US","","true","","","false",382654,"2017-10-13 20:31:30 UTC","2017-10-16 20:48:28 UTC","research","CC-BY-SA",3,"false"
"Caretta caretta","2017-07-26 11:00:00 +0200","","Peloponnese, Western Greece and the Ionian Islands, GR",38.8249189777,20.9406492432,"","Loggerhead Sea Turtle","https://www.inaturalist.org/observations/8383101","https://static.inaturalist.org/photos/11150026/medium.jpg?1507894031","davide-pedrotti",8383101,"Loggerhead Sea Turtle","Reptilia",39665,"false",1,0,"2017-07-26 11:00 AM","2017-07-26","2017-07-26 09:00:00 UTC","Madrid",52,"Ethnikou Stadiou, , Etolia e Acarnaia, GR","","true","","","false",668467,"2017-10-13 11:27:06 UTC","2017-10-14 12:18:12 UTC","research","",3,"false"
"Caretta caretta","2017-10-10 17:34:00 +1300","cruising around.","Western Australia, AU",-31.819264081,115.6837555264,"","Loggerhead Sea Turtle","https://www.inaturalist.org/observations/8357166","https://static.inaturalist.org/photos/11107221/medium.jpeg?1507721980","tangatawhenua",8357166,"Loggerhead Sea Turtle","Reptilia",39665,"false",0,0,"2017/10/10 5:34 PM NZDT","2017-10-10","2017-10-10 04:34:00 UTC","Wellington",23,"91 Southside Dr, Hillarys WA 6025, Australia","","true","","","false",125707,"2017-10-11 11:48:48 UTC","2017-10-12 00:05:48 UTC","casual","CC-BY-NC",NA,"true"
"Caretta caretta","2017-10-04 00:00:00 +0100","","Crete, Crete, GR",35.5994358625,24.1588265687,"","Loggerhead Sea Turtle","https://www.inaturalist.org/observations/8253676","","tbrooks",8253676,"Loggerhead Sea Turtle","Reptilia",39665,"false",0,0,"2017/10/04","2017-10-04","","Paris",122,"Greece","","true","","","false",2477,"2017-10-04 16:42:45 UTC","2017-10-04 16:42:45 UTC","casual","CC-BY-NC-SA",NA,"false"
"Caretta caretta","2017-06-10 14:02:10 +0200","","",43.8052058013,9.1546404904,"","Loggerhead Sea Turtle","https://www.inaturalist.org/observations/8224013","https://static.inaturalist.org/photos/10902034/medium.jpg?1506970010","emma87",8224013,"","Reptilia",39665,"false",0,0,"Sat Jun 10 2017 14:02:10 GMT+0200 (GMT+2)","2017-06-10","2017-06-10 12:02:10 UTC","Africa/Johannesburg",51824,"Mar Ligure, , , ","","true","","","false",643192,"2017-10-02 18:46:26 UTC","2017-10-02 18:46:53 UTC","needs_id","",3,"false"
"Caretta caretta","2017-09-27 00:00:00 -1000","","",21.2104812696,-86.7831197146,"","Loggerhead Sea Turtle","https://www.inaturalist.org/observations/8172411","https://static.inaturalist.org/photos/10823217/medium.jpeg?1506713222","christian77amador",8172411,"Loggerhead Sea Turtle","Reptilia",39665,"false",1,0,"2017-09-27","2017-09-27","","Hawaii",122,"Frente a Isla Mujeres","","true","","","false",87570,"2017-09-29 19:29:37 UTC","2017-12-11 07:30:57 UTC","research","",NA,"false"
"Caretta caretta","2017-08-27 13:16:00 -0400","Deceased, washed up, cut in half from large ship propeller. Data Collected.","Kent County, US-DE, US",39.1903399668,-75.5466918196,"","Loggerhead Sea Turtle","https://www.inaturalist.org/observations/8168856","https://static.inaturalist.org/photos/10818002/medium.jpeg?1506696345","karaoko",8168856,"Loggerhead Sea Turtle","Reptilia",39665,"false",0,0,"2017/08/27 1:16 PM EDT","2017-08-27","2017-08-27 17:16:00 UTC","Eastern Time (US & Canada)",NA,"Kent County, DE, USA","","true","","","false",650428,"2017-09-29 14:47:39 UTC","2017-09-29 14:54:29 UTC","needs_id","CC-BY-NC",NA,"false"
"Caretta caretta","2017-09-10 15:52:00 -0400","A hatchling crawls towards the ocean after being excavated.","United States",33.8348871631,-78.052174148,"","Loggerhead Sea Turtle","https://www.inaturalist.org/observations/8107545","https://static.inaturalist.org/photos/10755881/medium.jpeg?1506455571","calliestephenson",8107545,"Loggerhead Sea Turtle","Reptilia",39665,"false",1,0,"2017/09/10 3:52 PM EDT","2017-09-10","2017-09-10 19:52:00 UTC","Eastern Time (US & Canada)",258,"Bald Head Island, NC 28461, USA","","true","","","false",623394,"2017-09-26 19:57:33 UTC","2017-09-28 14:02:17 UTC","research","CC-BY-NC",NA,"false"
"Caretta caretta","2017-09-26 11:18:40 -0500","","Florida, US",30.2151938251,-87.3818040607,"","Loggerhead Sea Turtle","https://www.inaturalist.org/observations/8104794","https://static.inaturalist.org/photos/10751734/medium.jpg?1506444203","jeheiple",8104794,"Loggerhead Sea Turtle","Reptilia",39665,"false",1,0,"Tue Sep 26 2017 11:18:40 GMT-0500 (CDT)","2017-09-26","2017-09-26 16:18:40 UTC","Central Time (US & Canada)",5,"Gulf Islands National Seashore, Gulf Breeze, FL, US","","true","","","false",593014,"2017-09-26 16:41:30 UTC","2017-10-28 20:40:21 UTC","research","",3,"false"
"Caretta caretta","2017-08-15 20:16:27 -0400","Turtles dug out of nest by turtle nesting conservation workers.","South Carolina, US",32.4388083357,-80.1702361418,"","Loggerhead Sea Turtle","https://www.inaturalist.org/observations/8064797","https://static.inaturalist.org/photos/10688318/medium.jpeg?1506218665","thomaswaser",8064797,"Loggerhead Sea Turtle","Reptilia",39665,"false",1,0,"2017-08-15 8:16:27 PM EDT","2017-08-15","2017-08-16 00:16:27 UTC","Eastern Time (US & Canada)",NA,"1303 Seabrook Island Rd, Seabrook Island, SC 29455, USA","","true","gps","gps","false",483509,"2017-09-24 02:04:08 UTC","2017-09-25 21:47:56 UTC","research","",2,"false"
"Caretta caretta","2017-09-21 11:54:00 +0200","4 turtles released after rehabilitation.","Italy",41.1547696603,13.8374393868,"","Loggerhead Sea Turtle","https://www.inaturalist.org/observations/8037542","https://static.inaturalist.org/photos/10644223/medium.jpg?1506092082","sal_von_ferre",8037542,"Tartaruga caretta","Reptilia",39665,"false",2,0,"2017-09-21 11:54:00 AM CEST","2017-09-21","2017-09-21 09:54:00 UTC","Paris",NA,"Unnamed Road, 81034 Pineta Riviera CE, Italia","","true","gps","gps","false",388250,"2017-09-22 14:54:22 UTC","2017-09-23 17:29:30 UTC","research","",2,"false"
"Caretta caretta","2017-07-23 12:33:00 -0400","DCIM\100GOPRO\GOPR0124.","Quintana Roo, MX",20.5527250966,-86.9826202468,"","Loggerhead Sea Turtle","https://www.inaturalist.org/observations/8032388","https://static.inaturalist.org/photos/10635940/medium.jpg?1506043663","neild",8032388,"Tortuga caguama","Reptilia",39665,"false",1,0,"2017/07/23 12:33 PM EDT","2017-07-23","2017-07-23 16:33:00 UTC","Eastern Time (US & Canada)",205,"Km. 3, Costera Sur, Zona Hotelera Sur, 77600 San Miguel de Cozumel, Q.R., Mexico","","true","","","false",257303,"2017-09-22 01:28:26 UTC","2017-09-22 02:00:43 UTC","research","CC-BY-NC",NA,"false"
"Caretta caretta","2013-09-21 12:38:00 -0700","","Andalucía, ES",36.9613411992,-6.5901549455,"","Loggerhead Sea Turtle","https://www.inaturalist.org/observations/7990714","https://static.inaturalist.org/photos/10569616/medium.jpg?1505798144","i_am_neil",7990714,"Loggerhead Sea Turtle","Reptilia",39665,"false",1,0,"2013/09/21 12:38 PM PDT","2013-09-21","2013-09-21 19:38:00 UTC","Pacific Time (US & Canada)",NA,"Huelva, Andalucía, Spain","","true","","","false",385008,"2017-09-19 05:15:56 UTC","2017-09-25 17:04:42 UTC","research","CC-BY-NC",NA,"false"
"Caretta caretta","2017-09-18 16:26:27 -0400","Found several hatched (apparently) egg shells on this area of beach. This one was nearly intact.","United States",32.3898920139,-80.7690687022,"","Loggerhead Sea Turtle","https://www.inaturalist.org/observations/7988978","https://static.inaturalist.org/photos/10566554/medium.jpg?1505787886","maryspilman",7988978,"Loggerhead Sea Turtle","Reptilia",39665,"false",2,0,"Mon Sep 18 2017 16:26:27 GMT-0400 (EDT)","2017-09-18","2017-09-18 20:26:27 UTC","Eastern Time (US & Canada)",NA,"29926, Hilton Head Island, SC, US","","true","","","false",542724,"2017-09-19 02:23:53 UTC","2017-09-26 16:16:29 UTC","research","CC-BY-NC",3,"false"
"Caretta caretta","1998-05-02 00:00:00 -0500","","United States",24.7816379921,-82.8724169926,"","Loggerhead Sea Turtle","https://www.inaturalist.org/observations/7942888","","bkorol",7942888,"Loggerhead Sea Turtle","Reptilia",39665,"false",0,0,"1998/05/02","1998-05-02","","Eastern Time (US & Canada)",288,"Garden Key, Florida 33040, USA","obscured","true","","","false",533871,"2017-09-16 11:56:52 UTC","2017-09-16 12:05:46 UTC","casual","CC-BY-NC",NA,"false"
"Caretta caretta","2006-04-11 07:43:00 +0200","","",16.0241550527,-22.9639989495,"iNaturalist","Loggerhead Sea Turtle","https://www.inaturalist.org/observations/7913908","https://static.inaturalist.org/photos/10443266/medium.jpeg?1505382324","axeira",7913908,"Loggerhead Sea Turtle","Reptilia",39665,"false",2,0,"2006/04/11 7:43 AM CEST","2006-04-11","2006-04-11 05:43:00 UTC","Paris",21473,"Cape Verde","","true","","","false",291972,"2017-09-14 09:49:48 UTC","2017-12-04 09:18:21 UTC","research","CC-BY-NC",NA,"false"
"Caretta caretta","2017-09-09 11:41:41 +0200","Lunghezza carapace 80 cm","Emilia-Romagna, IT",44.7390955179,12.2630232006,"","Loggerhead Sea Turtle","https://www.inaturalist.org/observations/7842837","https://static.inaturalist.org/photos/10329122/medium.jpeg?1504951045","cristianomantovani",7842837,"Tartaruga caretta","Reptilia",39665,"false",3,0,"2017-09-09 11:41:41 AM CEST","2017-09-09","2017-09-09 09:41:41 UTC","Paris",129,"Via Spiaggia, 44029 Comacchio FE, Italia","","true","gps","gps","false",111219,"2017-09-09 09:57:21 UTC","2017-09-10 12:20:35 UTC","research","CC-BY-NC",2,"false"
"Caretta caretta","2014-08-05 22:35:00 +0100","Found this hatchling coming out the nest.","",35.0074648882,32.4042663779,"","Loggerhead Sea Turtle","https://www.inaturalist.org/observations/7825660","https://static.inaturalist.org/photos/10298246/medium.jpg?1504820274","thomas_flowers1",7825660,"Loggerhead Sea Turtle","Reptilia",39665,"false",0,0,"2014/08/05 10:35 PM BST","2014-08-05","2014-08-05 21:35:00 UTC","London",3906,"Paphos, Cyprus","","true","","","false",617874,"2017-09-07 21:50:24 UTC","2017-09-07 21:50:24 UTC","needs_id","CC-BY-NC",NA,"false"
"Caretta caretta","2017-09-04 10:55:50 -0400","","Florida, US",28.1980821368,-80.5148649714,"","Loggerhead Sea Turtle","https://www.inaturalist.org/observations/7783130","https://static.inaturalist.org/photos/10228694/medium.jpg?1504557897","ryancooke",7783130,"Loggerhead Sea Turtle","Reptilia",39665,"false",1,0,"Mon Sep 04 2017 10:55:50 GMT-0400 (EDT)","2017-09-04","2017-09-04 14:55:50 UTC","Eastern Time (US & Canada)",NA,"Atlantic Ocean, , FL, US","","true","","","false",469469,"2017-09-04 20:44:50 UTC","2017-10-29 12:55:02 UTC","research","CC-BY-NC",3,"false"
"Caretta caretta","2017-08-31 08:45:25 -0400","Found washed up after recent storms on the Cape Charles beach next to the fishing pier, approximately 4' long, the notebook next to the turtle is 8 and 1/2 inches. Not sure what sea turtle this is.","Virginia, US",37.2142531005,-76.0097151114,"","Loggerhead Sea Turtle","https://www.inaturalist.org/observations/7761231","https://static.inaturalist.org/photos/10193539/medium.jpg?1504440509","vicklein",7761231,"Loggerhead Sea Turtle","Reptilia",39665,"false",2,0,"Thu Aug 31 2017 08:45:25 GMT-0400 (EDT)","2017-08-31","2017-08-31 12:45:25 UTC","Eastern Time (US & Canada)",73,"Chesapeake Bay, District 2, VA, US","","true","","","false",196922,"2017-09-03 12:07:57 UTC","2017-11-10 19:38:51 UTC","research","CC-BY-NC",3,"false"
"Caretta caretta","2015-05-27 23:00:14 -0400","Beautiful experience with my family
","Florida, US",27.8121239425,-80.5119403886,"","Loggerhead Sea Turtle","https://www.inaturalist.org/observations/7742022","https://static.inaturalist.org/photos/10161994/medium.jpg?1504301596","mrbryanames",7742022,"Loggerhead Sea Turtle","Reptilia",39665,"false",1,0,"Wed May 27 2015 23:00:14 GMT-0400 (EDT)","2015-05-27","2015-05-28 03:00:14 UTC","Eastern Time (US & Canada)",2174,"9515 S Highway A1A, Melbourne Beach, FL, US","","true","","","false",607566,"2017-09-01 21:33:13 UTC","2017-09-03 03:08:22 UTC","research","",3,"false"
"Caretta caretta","2017-07-21 08:38:48 -0400","While conducting turtle nesting surveys found this female turtle who had gotten disoriented and stuck behind the dune. Helped get her back over the dune and back into the ocean. ","Charleston County, US-SC, US",32.8969753838,-79.7661879094,"","Loggerhead Sea Turtle","https://www.inaturalist.org/observations/7736971","https://static.inaturalist.org/photos/10153496/medium.jpg?1504270160","cturtlemel",7736971,"Loggerhead Sea Turtle","Reptilia",39665,"false",1,0,"Fri Jul 21 2017 08:38:48 GMT-0400 (EDT)","2017-07-21","2017-07-21 12:38:48 UTC","Eastern Time (US & Canada)",NA,"Atlantic Ocean, , SC, US","","true","","","false",571258,"2017-09-01 12:47:57 UTC","2017-09-01 13:55:36 UTC","research","",3,"false"
"Caretta caretta","2017-08-31 18:15:25 +0300","","Crete, Crete, GR",35.5255110361,24.1617994978,"","Loggerhead Sea Turtle","https://www.inaturalist.org/observations/7727938","https://static.inaturalist.org/photos/10139241/medium.jpg?1504204064","alessan",7727938,"Loggerhead Sea Turtle","Reptilia",39665,"false",1,0,"2017-08-31 6:15:25 PM EEST","2017-08-31","2017-08-31 15:15:25 UTC","Athens",86,"Defkalionos, Chania 731 32, Grecia","","true","gps","gps","false",607752,"2017-08-31 18:27:41 UTC","2017-11-03 08:06:35 UTC","research","",2,"false"
"Caretta caretta","2017-06-25 06:01:53 -0400","They're back! Spotted our first turtle of the season in the Cape Fear.","United States",33.8622127988,-78.1898459696,"","Loggerhead Sea Turtle","https://www.inaturalist.org/observations/7713079","","nancy88",7713079,"Loggerhead Sea Turtle","Reptilia",39665,"false",0,0,"2017-06-25 6:01:53 AM EDT","2017-06-25","2017-06-25 10:01:53 UTC","Eastern Time (US & Canada)",352222,"Smithville, NC","","true","gps","gps","false",469226,"2017-08-30 12:23:54 UTC","2017-08-30 12:36:59 UTC","casual","",2,"false"
"Caretta caretta","2017-08-25 09:29:43 -0400","Proper state permits were obtained before handling. ","Georgia, US",31.8789638481,-81.0259819667,"","Loggerhead Sea Turtle","https://www.inaturalist.org/observations/7687145","https://static.inaturalist.org/photos/10071952/medium.jpeg?1503925554","tarheelgirl714",7687145,"Loggerhead Sea Turtle","Reptilia",39665,"false",1,0,"2017-08-25 9:29:43 AM EDT","2017-08-25","2017-08-25 13:29:43 UTC","Eastern Time (US & Canada)",NA,"Georgia, US","","true","gps","gps","false",599843,"2017-08-28 13:05:30 UTC","2017-08-28 13:15:54 UTC","research","",2,"false"
"Caretta caretta","2017-08-12 23:25:00 -0400","","United States",26.2655989292,-80.0933626459,"","Loggerhead Sea Turtle","https://www.inaturalist.org/observations/7680765","https://static.inaturalist.org/photos/10061028/medium.jpeg?1503877950","katiedid101",7680765,"Loggerhead Sea Turtle","Reptilia",39665,"false",1,0,"2017/08/12 11:25 PM EDT","2017-08-12","2017-08-13 03:25:00 UTC","Eastern Time (US & Canada)",1619,"Broward County, FL, USA","","true","","","false",515098,"2017-08-27 23:53:49 UTC","2017-08-28 01:18:42 UTC","research","CC-BY-NC",NA,"false"
"Caretta caretta","2017-08-22 19:09:11 -0400","8 Loggerhead sea turtle hatchlings , endangered since 1978, were rescued and released into the Atlantic Ocean by the volunteers at the N Myrtle Beach SC turtle patrol.","United States",33.7562705358,-78.6101710963,"","Loggerhead Sea Turtle","https://www.inaturalist.org/observations/7623657","https://static.inaturalist.org/photos/9967045/medium.jpg?1503528687","swimmer",7623657,"Loggerhead Sea Turtle","Reptilia",39665,"false",1,0,"Tue Aug 22 2017 19:09:11 GMT-0400 (EDT)","2017-08-22","2017-08-22 23:09:11 UTC","Eastern Time (US & Canada)",291,"29572, Briarcliffe Acres, SC, US","","true","","","false",590428,"2017-08-23 22:51:18 UTC","2017-08-28 13:11:25 UTC","research","",3,"false"
"Caretta caretta","2017-08-23 12:02:44 -0400","","Florida, US",29.6961070046,-85.2623746365,"","Loggerhead Sea Turtle","https://www.inaturalist.org/observations/7617765","https://static.inaturalist.org/photos/9958396/medium.jpg?1503504211","scott138",7617765,"Loggerhead Sea Turtle","Reptilia",39665,"false",2,0,"2017-08-23 12:02:44 PM EDT","2017-08-23","2017-08-23 16:02:44 UTC","Eastern Time (US & Canada)",88056,"5588 Cape San Blas Rd, Port St Joe, FL 32456, USA","","true","gps","gps","false",573068,"2017-08-23 16:03:30 UTC","2017-09-18 15:39:20 UTC","research","",2,"false"
"Caretta caretta","2017-05-07 09:08:00 -0400","Giant Slide Dive Site. ","",19.221420032,-81.5870484504,"Turtle","Loggerhead Sea Turtle","https://www.inaturalist.org/observations/7534208","https://static.inaturalist.org/photos/9827654/medium.jpeg?1502999963","lobsterpotdivecenter",7534208,"Loggerhead Sea Turtle","Reptilia",39665,"false",2,0,"2017/05/07 9:08 AM EDT","2017-05-07","2017-05-07 13:08:00 UTC","Eastern Time (US & Canada)",7813,"Giant Slide, Cayman Islands","","true","","","false",420058,"2017-08-17 19:59:57 UTC","2017-08-18 04:09:26 UTC","research","",NA,"false"
"Caretta caretta","2017-08-12 19:05:03 -0400","Nest excavation ","United States",33.947236381,-78.0109081139,"","Loggerhead Sea Turtle","https://www.inaturalist.org/observations/7468203","https://static.inaturalist.org/photos/9719369/medium.jpeg?1502583397","jcs13",7468203,"Loggerhead Sea Turtle","Reptilia",39665,"false",2,0,"2017-08-12 7:05:03 PM EDT","2017-08-12","2017-08-12 23:05:03 UTC","Eastern Time (US & Canada)",NA,"3011 W Beach Dr, Oak Island, NC 28465, USA","","true","gps","gps","false",411512,"2017-08-13 00:16:35 UTC","2018-01-05 01:29:53 UTC","research","CC-BY-NC",2,"false"
"Caretta caretta","2017-08-12 14:30:48 +0200","Unable to shot the picture because without smartphone","",39.914562137,12.7821564594,"","Loggerhead Sea Turtle","https://www.inaturalist.org/observations/7460619","","oggioniale",7460619,"","Reptilia",39665,"false",0,0,"Sat Aug 12 2017 14:30:48 GMT+0200 (GMT+2)","2017-08-12","2017-08-12 12:30:48 UTC","Africa/Johannesburg",111162,"Tyrrhenian Sea, , , ","","true","","","false",77202,"2017-08-12 15:24:28 UTC","2017-08-12 15:59:43 UTC","casual","CC-BY-SA",3,"false"
"Caretta caretta","2015-10-21 11:44:00 -0400","I believe this to be a rib bone from the carapace of a loggerhead sea turtle. This is photographed in my home, but I have marked the locations where I found it.","United States",32.2770325221,-80.6352460084,"","Loggerhead Sea Turtle","https://www.inaturalist.org/observations/7423668","https://static.inaturalist.org/photos/9645815/medium.jpeg?1502302451","maryspilman",7423668,"Loggerhead Sea Turtle","Reptilia",39665,"false",1,0,"2015/10/21 11:44 AM EDT","2015-10-21","2015-10-21 15:44:00 UTC","Eastern Time (US & Canada)",63,"Hilton Head Island, SC, USA","","true","","","false",542724,"2017-08-09 18:21:57 UTC","2017-09-08 03:30:39 UTC","research","CC-BY-NC",NA,"false"
"Caretta caretta","2017-08-07 23:55:41 -0400","Tracks from approximately 105 loggerhead sea turtle hatchlings ","North Carolina, US",34.4757478324,-77.2347779608,"","Loggerhead Sea Turtle","https://www.inaturalist.org/observations/7420664","https://static.inaturalist.org/photos/9640815/medium.jpg?1502288562","gmskupien",7420664,"","Reptilia",39665,"false",0,0,"Mon Aug 07 2017 23:55:41 GMT-0400 (EDT)","2017-08-07","2017-08-08 03:55:41 UTC","Eastern Time (US & Canada)",22,"1563 New River Inlet Rd, North Topsail Beach, NC, US","","true","","","false",147794,"2017-08-09 14:22:40 UTC","2017-08-09 14:25:02 UTC","casual","CC-BY-NC",3,"false"
"Caretta caretta","2017-08-07 16:41:01 +0200","","Agrigento, Sicily, IT",35.9851832742,12.814965524,"","Loggerhead Sea Turtle","https://www.inaturalist.org/observations/7409827","https://static.inaturalist.org/photos/9624775/medium.jpg?1502219079","robertocatania95",7409827,"Loggerhead Sea Turtle","Reptilia",39665,"false",3,0,"Mon Aug 07 2017 16:41:01 GMT+0200 (GMT+2)","2017-08-07","2017-08-07 14:41:01 UTC","Africa/Johannesburg",NA,"Via Pozzolana, Lampedusa e Linosa, Sicilia, IT","","true","","","false",382265,"2017-08-08 19:04:09 UTC","2017-10-17 02:44:59 UTC","research","",3,"false"
"Caretta caretta","2017-08-07 16:42:06 +0200","","Agrigento, Sicily, IT",35.8708523685,12.9075266897,"","Loggerhead Sea Turtle","https://www.inaturalist.org/observations/7409813","https://static.inaturalist.org/photos/9624756/medium.jpg?1502219042","robertocatania95",7409813,"Tartaruga caretta","Reptilia",39665,"false",2,0,"Mon Aug 07 2017 16:42:06 GMT+0200 (GMT+2)","2017-08-07","2017-08-07 14:42:06 UTC","Africa/Johannesburg",NA,"Via Pozzolana, Lampedusa e Linosa, Sicilia, IT","","true","","","false",382265,"2017-08-08 19:02:26 UTC","2017-10-17 02:45:25 UTC","research","",3,"false"
"Caretta caretta","2017-08-07 12:54:26 -0400","Rescued from hungry seagull.","United States",25.8496350804,-80.0882759649,"","Loggerhead Sea Turtle","https://www.inaturalist.org/observations/7409657","https://static.inaturalist.org/photos/9624503/medium.jpeg?1502218393","raindrops",7409657,"Loggerhead Sea Turtle","Reptilia",39665,"false",1,0,"2017-08-07 12:54:26 PM EDT","2017-08-07","2017-08-07 16:54:26 UTC","Eastern Time (US & Canada)",NA,"Atlantic Way, Miami Beach, FL 33154, USA","","true","gps","gps","false",12738,"2017-08-08 18:53:09 UTC","2017-08-11 12:00:57 UTC","research","CC-BY-NC",2,"false"
"Caretta caretta","2013-12-09 16:11:00 -0500","Ping pong ball sized eggs washed up on the beach that popped if tapped with a toe. I believe these were nonviable (and rotting come Dec) eggs from an overwashed loggerhead nest.","United States",32.3125918068,-80.7086850288,"","Loggerhead Sea Turtle","https://www.inaturalist.org/observations/7401486","https://static.inaturalist.org/photos/9610462/medium.jpeg?1502156819","maryspilman",7401486,"Loggerhead Sea Turtle","Reptilia",39665,"false",0,0,"2013/12/09 4:11 PM EST","2013-12-09","2013-12-09 21:11:00 UTC","Eastern Time (US & Canada)",122,"Hilton Head Island, SC, USA","","true","","","false",542724,"2017-08-08 01:50:16 UTC","2017-08-08 05:35:24 UTC","needs_id","CC-BY-NC",NA,"false"
"Caretta caretta","2017-06-05 14:54:00 -0400","Nest laid overnight 6/4-6/5/17. Body pit clearly visible.","United States",32.320483895,-80.7341779869,"","Loggerhead Sea Turtle","https://www.inaturalist.org/observations/7396182","https://static.inaturalist.org/photos/9602469/medium.jpeg?1502135500","maryspilman",7396182,"Loggerhead Sea Turtle","Reptilia",39665,"false",1,0,"2017/06/05 2:54 PM EDT","2017-06-05","2017-06-05 18:54:00 UTC","Eastern Time (US & Canada)",NA,"Hilton Head Island, SC, USA","","true","","","false",542724,"2017-08-07 19:53:29 UTC","2017-09-08 03:31:17 UTC","research","CC-BY-NC",NA,"false"
"Caretta caretta","2017-06-18 12:21:00 -0400","Ike, the rescued loggerhead sea turtle at the marine science center.","United States",31.8117780049,-80.8975067537,"","Loggerhead Sea Turtle","https://www.inaturalist.org/observations/7392995","https://static.inaturalist.org/photos/9597388/medium.jpeg?1502121236","maryspilman",7392995,"Loggerhead Sea Turtle","Reptilia",39665,"false",0,0,"2017/06/18 12:21 PM EDT","2017-06-18","2017-06-18 16:21:00 UTC","Eastern Time (US & Canada)",NA,"Tybee Island, GA 31328, USA","","true","","","false",542724,"2017-08-07 15:56:58 UTC","2017-08-07 15:59:23 UTC","casual","CC-BY-NC",NA,"true"
"Caretta caretta","2017-08-07 06:46:18 -0400","","United States",32.008344956,-80.7019486976,"","Loggerhead Sea Turtle","https://www.inaturalist.org/observations/7390559","https://static.inaturalist.org/photos/9593650/medium.jpg?1502103855","stephschuttler",7390559,"Loggerhead Sea Turtle","Reptilia",39665,"false",2,0,"Mon Aug 07 2017 06:46:18 GMT-0400 (EDT)","2017-08-07","2017-08-07 10:46:18 UTC","Eastern Time (US & Canada)",NA,"Atlantic Ocean, Hilton Head Island, SC, US","","true","","","false",486364,"2017-08-07 11:03:55 UTC","2017-09-08 03:31:32 UTC","research","",3,"false"
"Caretta caretta","2015-07-31 20:16:00 -0400","The nest inventory of two separate successful loggerhead nests on the same evening.","United States",32.3628694997,-80.6979621278,"","Loggerhead Sea Turtle","https://www.inaturalist.org/observations/7365566","https://static.inaturalist.org/photos/9551846/medium.jpeg?1501969728","maryspilman",7365566,"Loggerhead Sea Turtle","Reptilia",39665,"false",1,0,"2015/07/31 8:16 PM EDT","2015-07-31","2015-08-01 00:16:00 UTC","Eastern Time (US & Canada)",NA,"Hilton Head Island, SC, USA","","true","","","false",542724,"2017-08-05 21:49:22 UTC","2017-09-08 03:31:46 UTC","research","CC-BY-NC",NA,"false"
"Caretta caretta","2017-08-04 19:19:21 -0400","Nest excavation ","United States",33.8906533351,-78.3376722431,"","Loggerhead Sea Turtle","https://www.inaturalist.org/observations/7353590","https://static.inaturalist.org/photos/9532636/medium.jpeg?1501892150","jcs13",7353590,"Loggerhead Sea Turtle","Reptilia",39665,"false",1,0,"2017-08-04 7:19:21 PM EDT","2017-08-04","2017-08-04 23:19:21 UTC","Eastern Time (US & Canada)",NA,"5701 W Beach Dr, Oak Island, NC 28465, USA","","true","gps","gps","false",411512,"2017-08-05 00:15:36 UTC","2018-01-05 01:30:08 UTC","research","CC-BY-NC",2,"false"
"Caretta caretta","2015-06-28 09:33:00 -0400","Her tracks are a bit obscured by those of the turtle patrol's gator, but the body pit is very evident.","United States",32.3039032245,-80.7212580232,"","Loggerhead Sea Turtle","https://www.inaturalist.org/observations/7345756","https://static.inaturalist.org/photos/9521141/medium.jpeg?1501850893","maryspilman",7345756,"Loggerhead Sea Turtle","Reptilia",39665,"false",1,0,"2015/06/28 9:33 AM EDT","2015-06-28","2015-06-28 13:33:00 UTC","Eastern Time (US & Canada)",NA,"Hilton Head Island, SC, USA","","true","","","false",542724,"2017-08-04 12:49:06 UTC","2017-08-05 21:55:18 UTC","research","CC-BY-NC",NA,"false"
"Caretta caretta","2017-08-03 11:49:28 +0200","Found beached at 50 meters from sea","Apulia, IT",40.5428792571,16.8464848753,"","Loggerhead Sea Turtle","https://www.inaturalist.org/observations/7336559","https://static.inaturalist.org/photos/9539261/medium.jpg?1501930377","gianluca",7336559,"Tartaruga caretta","Reptilia",39665,"false",2,0,"2017-08-03 11:49:28 AM CEST","2017-08-03","2017-08-03 09:49:28 UTC","Paris",5,"Taranto, Apulia, IT","","true","","","false",39715,"2017-08-03 20:32:37 UTC","2017-08-10 12:46:36 UTC","research","CC-BY-NC",2,"false"
"Caretta caretta","2017-07-27 18:58:00 -0500","Recién nacida, con 5 escudos laterales ","Quintana Roo, MX",20.2705777698,-87.2804219907,"marino, tortuga","Loggerhead Sea Turtle","http://conabio.inaturalist.org/observations/7309210","https://static.inaturalist.org/photos/9461233/medium.jpeg?1501610845","d99",7309210,"Loggerhead Sea Turtle","Reptilia",39665,"false",1,0,"2017/07/27 6:58 PM CDT","2017-07-27","2017-07-27 23:58:00 UTC","Central Time (US & Canada)",205,"Unnamed Rd, Quintana Roo, México","","true","","","false",62883,"2017-08-01 18:08:12 UTC","2018-01-13 20:08:20 UTC","research","CC-BY",NA,"false"
"Caretta caretta","2017-07-30 12:05:00 -0700","","",32.6198099879,-117.7876937606,"","Loggerhead Sea Turtle","https://www.inaturalist.org/observations/7286692","https://static.inaturalist.org/photos/9424261/medium.jpg?1501461275","imoss",7286692,"Loggerhead Sea Turtle","Reptilia",39665,"false",1,0,"2017/07/30 12:05 PM PDT","2017-07-30","2017-07-30 19:05:00 UTC","Pacific Time (US & Canada)",NA,"San Diego pelagic","","true","","","false",18342,"2017-07-31 00:36:31 UTC","2017-08-01 17:53:25 UTC","research","CC-BY-NC",NA,"false"
"Caretta caretta","2017-07-30 15:58:39 -0400","","United States",40.5700901558,-74.1132180816,"","Loggerhead Sea Turtle","https://www.inaturalist.org/observations/7286187","https://static.inaturalist.org/photos/9423722/medium.jpeg?1501459747","wsimmons",7286187,"Loggerhead Sea Turtle","Reptilia",39665,"false",0,0,"2017-07-30 3:58:39 PM EDT","2017-07-30","2017-07-30 19:58:39 UTC","Eastern Time (US & Canada)",1376,"8-14 June Terrace, Middletown, NJ 07748, USA","","true","gps","gps","false",330811,"2017-07-31 00:03:40 UTC","2017-09-10 01:06:10 UTC","needs_id","CC-BY-NC",2,"false"
"Caretta caretta","2017-07-30 08:12:53 -0400","","South Carolina, US",32.4132687598,-80.2048759878,"","Loggerhead Sea Turtle","https://www.inaturalist.org/observations/7275718","https://static.inaturalist.org/photos/9407085/medium.jpeg?1501419338","ryan84",7275718,"Loggerhead Sea Turtle","Reptilia",39665,"false",1,0,"2017-07-30 8:12:53 AM EDT","2017-07-30","2017-07-30 12:12:53 UTC","Eastern Time (US & Canada)",86,"","","true","gps","gps","false",292007,"2017-07-30 12:55:31 UTC","2017-10-05 14:59:17 UTC","research","CC-BY-NC",2,"false"
"Caretta caretta","2014-07-22 00:00:00 -0300","","United States",24.7632399089,-82.8693290021,"","Loggerhead Sea Turtle","https://www.inaturalist.org/observations/7220012","https://static.inaturalist.org/photos/9318796/medium.jpg?1501091079","birdizlife",7220012,"Loggerhead Sea Turtle","Reptilia",39665,"false",1,0,"2014/07/22 12:00 AM -0400","2014-07-22","2014-07-22 03:00:00 UTC","Atlantic Time (Canada)",1139,"Florida, USA","","true","","","false",154438,"2017-07-26 17:49:39 UTC","2017-08-13 14:51:37 UTC","research","CC-BY-NC",NA,"false"
"Caretta caretta","2017-07-16 16:14:35 -0700","","",33.0968133863,-119.5306847265,"","Loggerhead Sea Turtle","https://www.inaturalist.org/observations/7194095","https://static.inaturalist.org/photos/9283928/medium.jpeg?1500953840","serpophaga",7194095,"Loggerhead Sea Turtle","Reptilia",39665,"false",1,0,"Sun Jul 16 2017 16:14:35 GMT-0700 (PDT)","2017-07-16","2017-07-16 23:14:35 UTC","Pacific Time (US & Canada)",10,"","","true","","","false",173183,"2017-07-24 21:57:17 UTC","2017-07-25 15:38:16 UTC","research","CC-BY-NC",3,"false"
"Caretta caretta","2017-07-16 15:53:23 -0700","","",33.0934193993,-119.4852774507,"","Loggerhead Sea Turtle","https://www.inaturalist.org/observations/7194093","https://static.inaturalist.org/photos/9283182/medium.jpeg?1500952009","serpophaga",7194093,"Loggerhead Sea Turtle","Reptilia",39665,"false",1,0,"Sun Jul 16 2017 15:53:23 GMT-0700 (PDT)","2017-07-16","2017-07-16 22:53:23 UTC","Pacific Time (US & Canada)",10,"","","true","","","false",173183,"2017-07-24 21:57:14 UTC","2017-07-25 15:37:29 UTC","research","CC-BY-NC",3,"false"
"Caretta caretta","2017-07-22 17:15:50 +0300","Found tangled in plastic sac. 
Bathers on the beach cut it loose and passed on to lifeguard for safe release back into the water. ","Israel",32.1435497666,34.7910087694,"","Loggerhead Sea Turtle","https://www.inaturalist.org/observations/7171926","https://static.inaturalist.org/photos/9242172/medium.jpg?1500819728","adish",7171926,"","Reptilia",39665,"false",0,0,"Sat Jul 22 2017 17:15:50 GMT+0300 (GMT+3)","2017-07-22","2017-07-22 14:15:50 UTC","Baghdad",97,"Mediterranean Sea, Tel Aviv-Yafo, Tel Aviv, IL","","true","","","false",51495,"2017-07-23 14:22:06 UTC","2017-07-23 14:22:10 UTC","needs_id","CC-BY-NC",3,"false"
"Caretta caretta","2017-06-08 22:03:37 -0400","","South Carolina, US",32.4178665637,-80.165368454,"","Loggerhead Sea Turtle","https://www.inaturalist.org/observations/7143533","https://static.inaturalist.org/photos/9197780/medium.jpg?1500649120","deannotoole",7143533,"Loggerhead Sea Turtle","Reptilia",39665,"false",1,0,"Thu Jun 08 2017 22:03:37 GMT-0400 (EDT)","2017-06-08","2017-06-09 02:03:37 UTC","Eastern Time (US & Canada)",NA,"Johns Island, Seabrook Island, SC, US","","true","","","false",427718,"2017-07-21 14:58:09 UTC","2017-07-29 22:42:49 UTC","research","",3,"false"
"Caretta caretta","2017-07-16 16:14:00 -0700","","",33.1280674077,-119.4506298741,"","Loggerhead Sea Turtle","https://www.inaturalist.org/observations/7138050","https://static.inaturalist.org/photos/9188502/medium.jpeg?1500598670","kliewer",7138050,"Loggerhead Sea Turtle","Reptilia",39665,"false",0,0,"2017/07/16 4:14 PM PDT","2017-07-16","2017-07-16 23:14:00 UTC","Pacific Time (US & Canada)",NA,"South of San Nicolas Island, CA","","true","","","false",222263,"2017-07-21 00:50:32 UTC","2017-07-21 00:57:47 UTC","needs_id","CC-BY-NC",NA,"false"
"Caretta caretta","2017-07-18 10:24:21 -0400","","Charleston County, US-SC, US",32.9728788035,-79.494853097,"","Loggerhead Sea Turtle","https://www.inaturalist.org/observations/7116746","https://static.inaturalist.org/photos/9153566/medium.jpeg?1500476532","luna101",7116746,"Loggerhead Sea Turtle","Reptilia",39665,"false",1,0,"2017-07-18 10:24:21 AM EDT","2017-07-18","2017-07-18 14:24:21 UTC","Eastern Time (US & Canada)",4128,"South Carolina, US","","true","gps","gps","false",438183,"2017-07-19 15:01:28 UTC","2017-07-29 22:43:03 UTC","research","CC-BY-NC",2,"false"
"Caretta caretta","2017-07-16 06:44:07 -0400","","Florida, US",27.4645651371,-82.6726944657,"","Loggerhead Sea Turtle","https://www.inaturalist.org/observations/7073342","https://static.inaturalist.org/photos/9084102/medium.jpg?1500206760","mperdicas",7073342,"","Reptilia",39665,"false",0,0,"Sun Jul 16 2017 06:44:07 GMT-0400 (EDT)","2017-07-16","2017-07-16 10:44:07 UTC","Eastern Time (US & Canada)",NA,"Gulf of Mexico, , FL, US","","true","","","false",4873,"2017-07-16 12:05:33 UTC","2017-07-16 12:19:31 UTC","needs_id","CC-BY",3,"false"
"Caretta caretta","2017-07-13 13:12:55 -0400","Found dead. It was necropsied by Mass Audubon at Wellfleet Bay Wildlife Sanctuary ","Massachusetts, US",41.7055041984,-70.5810569485,"","Loggerhead Sea Turtle","https://www.inaturalist.org/observations/7040098","https://static.inaturalist.org/photos/9032482/medium.jpg?1499975335","nicolegallup",7040098,"Loggerhead Sea Turtle","Reptilia",39665,"false",1,0,"Thu Jul 13 2017 13:12:55 GMT-0400 (EDT)","2017-07-13","2017-07-13 17:12:55 UTC","Eastern Time (US & Canada)",102,"Canal Service Rd, Bourne, MA, US","","true","","","false",255172,"2017-07-13 19:48:47 UTC","2017-07-13 23:00:14 UTC","research","CC-BY-NC",3,"false"
"Caretta caretta","2017-07-10 15:21:00 -0500","large- approx 4 ft long","Texas, US",27.8621676742,-97.1703993044,"","Loggerhead Sea Turtle","https://www.inaturalist.org/observations/7008322","https://static.inaturalist.org/photos/8981783/medium.jpeg?1499742773","mako252",7008322,"Loggerhead Sea Turtle","Reptilia",39665,"false",2,0,"2017/07/10 3:21 PM CDT","2017-07-10","2017-07-10 20:21:00 UTC","Central Time (US & Canada)",4619,"Port Aransas, TX, USA","","true","","","false",18812,"2017-07-11 03:14:28 UTC","2017-07-18 23:44:08 UTC","research","CC-BY-NC",NA,"false"
"Caretta caretta","2016-07-05 20:15:30 -0400","","Georgia, US",31.6004361213,-81.0227179224,"","Loggerhead Sea Turtle","https://www.inaturalist.org/observations/6914186","https://static.inaturalist.org/photos/8828040/medium.jpg?1499167408","howick",6914186,"Loggerhead Sea Turtle","Reptilia",39665,"false",1,0,"Tue Jul 05 2016 20:15:30 GMT-0400 (EDT)","2016-07-05","2016-07-06 00:15:30 UTC","Eastern Time (US & Canada)",NA,"Atlantic Ocean, , GA, US","","true","","","false",340709,"2017-07-04 11:23:24 UTC","2017-07-05 01:03:40 UTC","research","",3,"false"
"Caretta caretta","2017-06-25 14:43:00 -0500","","",-27.4006173246,32.6358193141,"","Loggerhead Sea Turtle","https://www.inaturalist.org/observations/6903583","https://static.inaturalist.org/photos/8811007/medium.jpg?1499100370","gonodactylus",6903583,"Loggerhead Sea Turtle","Reptilia",39665,"false",2,0,"2017/06/25 2:43 PM CDT","2017-06-25","2017-06-25 19:43:00 UTC","Central Time (US & Canada)",2,"Umkhanyakude, ZA-NL, ZA","","true","","","false",188597,"2017-07-03 16:52:28 UTC","2017-10-06 18:06:20 UTC","research","CC-BY-NC",NA,"false"
"Caretta caretta","2017-06-27 18:36:00 -0300","","Monroe County, US-FL, US",24.8013692285,-80.8631623673,"","Loggerhead Sea Turtle","https://www.inaturalist.org/observations/6894290","https://static.inaturalist.org/photos/8795035/medium.jpg?1499036468","hartvillestuff",6894290,"Loggerhead Sea Turtle","Reptilia",39665,"false",1,0,"2017/06/27 6:36 PM -0400","2017-06-27","2017-06-27 21:36:00 UTC","Atlantic Time (Canada)",61,"Monroe County, FL, USA","","true","","","false",5245,"2017-07-02 23:51:16 UTC","2017-07-03 00:44:18 UTC","research","CC-BY",NA,"false"
"Caretta caretta","2017-07-01 15:30:00 +0200","Stabilimento Ubaldo e Massimo.
Animale trovato morto in avanzato stato di decomposizione.","Roma, Lazio, IT",42.1344182161,11.8263420488,"","Loggerhead Sea Turtle","https://www.inaturalist.org/observations/6884464","https://static.inaturalist.org/photos/8780973/medium.jpeg?1498980595","emadezu",6884464,"Tartaruga caretta","Reptilia",39665,"false",3,0,"2017-07-01 3:30:00 PM CEST","2017-07-01","2017-07-01 13:30:00 UTC","Paris",344,"Lungomare Pyrgi, 21 00050 Santa Marinella RM","","true","gps","gps","false",45184,"2017-07-02 07:29:47 UTC","2017-10-18 10:26:02 UTC","research","CC-BY-NC",2,"false"
"Caretta caretta","2017-01-03 00:00:00 +0000","","Quintana Roo, MX",20.5640579806,-87.1447876877,"","Loggerhead Sea Turtle","https://www.inaturalist.org/observations/6848922","","lukeberg",6848922,"Loggerhead Sea Turtle","Reptilia",39665,"false",0,0,"2017/01/03 2:00 PM UTC","2017-01-03","","UTC",5674,"Ocean off west coast of Isla Cozumel","","true","","","false",499808,"2017-06-29 17:00:21 UTC","2017-06-29 17:01:20 UTC","casual","",NA,"false"
"Caretta caretta","2017-06-27 18:51:53 +0200","","Campania, IT",40.8370911037,14.2444305114,"","Loggerhead Sea Turtle","https://www.inaturalist.org/observations/6823334","https://static.inaturalist.org/photos/8686430/medium.jpg?1498582982","tommasomagaldi",6823334,"Tartaruga caretta","Reptilia",39665,"false",5,0,"Tue Jun 27 2017 18:51:53 GMT+0200 (GMT+2)","2017-06-27","2017-06-27 16:51:53 UTC","Africa/Johannesburg",23,"Giardini Pubblici Villa Comunale, Napoli, Campania, IT","","true","","","false",198728,"2017-06-27 17:02:47 UTC","2017-07-16 09:58:07 UTC","research","CC-BY-NC",3,"false"
"Caretta caretta","2017-06-25 08:30:01 -0400","According to local officials, these signs are placed over identified turtle nests. They are not just for specifying general areas where they ""may"" lay their eggs. Roughly 25 nesting sites were spotted along Burkes Beach.","United States",32.3547129034,-80.7773929511,"eggs, egg, nest","Loggerhead Sea Turtle","https://www.inaturalist.org/observations/6790445","https://static.inaturalist.org/photos/8635225/medium.jpg?1498395435","bobby23",6790445,"Loggerhead Sea Turtle","Reptilia",39665,"false",1,0,"Sun Jun 25 2017 08:30:01 GMT-0400 (EDT)","2017-06-25","2017-06-25 12:30:01 UTC","Eastern Time (US & Canada)",500,"Atlantic Ocean, Hilton Head Island, SC, US","","true","","","false",516268,"2017-06-25 12:57:03 UTC","2017-09-06 00:48:15 UTC","research","CC-BY-NC",3,"false"
"Caretta caretta","2017-06-08 22:01:39 -0400","Had the opportunity to watch this turtle dig her hole, lay and bury her eggs, then crawl all the way back to the ocean!  It was amazing!","Georgia, US",31.2739186342,-81.2469842443,"","Loggerhead Sea Turtle","https://www.inaturalist.org/observations/6658771","https://static.inaturalist.org/photos/8436057/medium.jpg?1497473777","sheree3",6658771,"Loggerhead Sea Turtle","Reptilia",39665,"false",1,0,"Thu Jun 08 2017 22:01:39 GMT-0400 (EDT)","2017-06-08","2017-06-09 02:01:39 UTC","Eastern Time (US & Canada)",NA,"31327, Crescent, GA, US","","true","","","false",509507,"2017-06-14 20:55:58 UTC","2017-06-16 17:04:11 UTC","research","",3,"false"
"Caretta caretta","2017-06-09 00:00:00 -0800","Being rehabbed for buoyancy infection; about to be released (yay) ","Florida, US",30.1965678043,-84.2253216327,"","Loggerhead Sea Turtle","https://www.inaturalist.org/observations/6630865","https://static.inaturalist.org/photos/8417906/medium.jpg?1497387563","anudibranchmom",6630865,"Loggerhead Sea Turtle","Reptilia",39665,"false",1,0,"2017-06-09","2017-06-09","","Pacific Time (US & Canada)",446,"Wakulla County, FL, USA","","true","","","false",26610,"2017-06-13 21:07:32 UTC","2017-06-14 01:31:02 UTC","research","CC-BY-NC",NA,"false"
"Caretta caretta","2017-05-10 21:53:00 -0400","","Belize",16.4366318114,-88.1967396497,"","Loggerhead Sea Turtle","http://inaturalist.ca/observations/6423993","https://static.inaturalist.org/photos/8110635/medium.jpg?1496105145","marthar",6423993,"Loggerhead Sea Turtle","Reptilia",39665,"false",1,0,"2017/05/10 9:53 PM EDT","2017-05-10","2017-05-11 01:53:00 UTC","Eastern Time (US & Canada)",207,"Placencia, Belize","obscured","true","","","false",204341,"2017-05-30 00:49:35 UTC","2017-08-09 18:09:02 UTC","research","",NA,"false"
"Caretta caretta","2017-04-27 00:00:00 -1000","","",21.0913414649,-86.7026669808,"","Loggerhead Sea Turtle","http://conabio.inaturalist.org/observations/6174065","https://static.inaturalist.org/photos/7745215/medium.jpeg?1494535761","christian77amador",6174065,"Loggerhead Sea Turtle","Reptilia",39665,"false",1,0,"2017-04-27","2017-04-27","","Hawaii",488,"Pecio C-58","","true","","","false",87570,"2017-05-11 20:49:52 UTC","2017-05-15 02:41:23 UTC","research","",NA,"false"
